REF.,SUBÁREA,BENEFICIARIO,CENTRO,CCAA,DURACIÓN,CUANTÍA,ODS,ODS1,ODS2,ODS3,ODS4,ODS5,ODS6,ODS7,ODS8,ODS9,ODS10,ODS11,ODS12,ODS13,ODS14,ODS15,ODS16,ODS17
PDC2022-133730-I00,MAR,UNIVERSIDAD DE OVIEDO,DPTO. BIOLOGIA FUNCIONAL,PDO.ASTURIAS,2,149500.0,SI,,,,,,,,,,,,,,SI,,,
PDC2022-133435-I00,QMC,UNIVERSIDAD DE OVIEDO,DPTO. QUÍMICA FÍSICA Y ANALÍTICA,PDO.ASTURIAS,2,120750.0,SI,,,,,,,,,,,,SI,,,,,
PDC2022-133411-I00,EDU,UNIVERSIDAD DE OVIEDO,VICERRECTORADO DE INVESTIGACION,PDO.ASTURIAS,2,43700.0,SI,,,,SI,,,,,,,,,,,,,
PDC2022-133206-I00,IQM,UNIVERSIDAD DE ALMERIA,CENTRO DE INVESTIGACION EN BIOTECNOLOGIA AGROALIMENTARIA (BITAL),ANDALUCIA,2,104305.0,SI,,,,,,,,,SI,,,SI,,,,,
PDC2022-133370-I00,INF,UNIVERSIDAD DE ALMERIA,DPTO. DE INFORMÁTICA,ANDALUCIA,2,143750.0,SI,,,,,,,,,SI,,,,,,,,
PDC2022-133708-C32,EYA,UNIVERSIDAD DE ALMERIA,FACULTAD DE CIENCIAS ECONOMICAS Y EMPRESARIALES,ANDALUCIA,2,23805.0,SI,,,,,,,,SI,SI,,,,,,,,
PDC2022-133749-I00,BTC,UNIVERSIDAD DE CORDOBA,DPTO. GENETICA,ANDALUCIA,2,143750.0,SI,,,SI,,,,,,SI,,,,,,,,
PDC2022-133285-C22,ICA,UNIVERSIDAD DE CORDOBA,ESCUELA TECNICA SUPERIOR DE INGENIEROS AGRONOMOS Y DE MONTES,ANDALUCIA,2,69000.0,SI,,,,,,,,,SI,,SI,,,,,,
PDC2022-133395-C44,AYF,UNIVERSIDAD DE CORDOBA,ESCUELA TECNICA SUPERIOR DE INGENIEROS AGRONOMOS Y DE MONTES,ANDALUCIA,2,39100.0,SI,,SI,,,,,,,,,,,,,SI,,
PDC2022-133973-I00,ENE,UNIVERSIDAD DE CORDOBA,FACULTAD DE CIENCIAS,ANDALUCIA,2,115000.0,SI,,,,,,,SI,,,,,,SI,,,,
PDC2022-133892-I00,HIS,UNIVERSIDAD DE CORDOBA,FACULTAD DE FILOSOFIA Y LETRAS,ANDALUCIA,2,102350.0,SI,,,,,,,,,,,SI,,,,,SI,
PDC2022-133825-I00,PSI,UNIVERSIDAD DE GRANADA,"CENTRO DE INVESTIGACION MENTE, CEREBRO Y COMPORTAMIENTO",ANDALUCIA,2,96830.0,SI,,,SI,,,,,,,,,,,,,,
PDC2022-133900-I00,TCO,UNIVERSIDAD DE GRANADA,E.T.S. DE INGENIERIAS INFORMATICA Y DE TELECOMUNICACION,ANDALUCIA,2,96600.0,SI,,,,,,,,,SI,,,,,,,,
PDC2022-133966-I00,ICA,UNIVERSIDAD DE GRANADA,"E.T.S. DE INGENIEROS DE CAMINOS, CANALES Y PUERTOS",ANDALUCIA,2,138000.0,SI,,,,,,,,,SI,,SI,,,,,,
PDC2022-133191-I00,MEN,UNIVERSIDAD DE GRANADA,FACULTAD DE CIENCIAS,ANDALUCIA,2,92000.0,SI,,,,,,,,,,,,,SI,,,,
PDC2022-133234-I00,QMC,UNIVERSIDAD DE GRANADA,FACULTAD DE CIENCIAS,ANDALUCIA,2,97750.0,SI,,,,,,,,,,,,SI,,,,,
PDC2022-133293-I00,MTM,UNIVERSIDAD DE GRANADA,FACULTAD DE CIENCIAS,ANDALUCIA,2,80500.0,SI,,,,SI,,,,,,,,,,,,,
PDC2022-133808-I00,TMA,UNIVERSIDAD DE GRANADA,FACULTAD DE CIENCIAS,ANDALUCIA,2,115000.0,SI,,,,,,,,,,,,,SI,,,,
PDC2022-133913-I00,BTC,UNIVERSIDAD DE GRANADA,UNIVERSIDAD DE GRANADA,ANDALUCIA,2,148350.0,SI,,,SI,,,,,,SI,,,,,,,,
PDC2022-133146-C21,INF,UNIVERSIDAD DE JAEN,CENTRO DE ESTUDIOS AVANZADOS EN TECNOLOGÍAS DE LA INFORMACIÓN Y DE LA COMUNICACIÓN,ANDALUCIA,2,54855.0,SI,,,,,,,,,SI,,,,,,,,
PDC2022-133119-I00,HIS,UNIVERSIDAD DE JAEN,DPTO. DE ANTROPOLOGIA GEOGRAFIA E HISTORIA,ANDALUCIA,2,91586.0,SI,,,,,,,,,,,SI,,,,,SI,
PDC2022-133940-I00,ENE,UNIVERSIDAD DE JAEN,DPTO. INGENIERIA ELECTRONICA DE TELECOMUNICACION Y AUTOMATICA,ANDALUCIA,2,97750.0,SI,,,,,,,SI,,,,,,SI,,,,
PDC2022-133401-I00,PSI,UNIVERSIDAD DE JAEN,DPTO. PSICOLOGIA,ANDALUCIA,2,115000.0,SI,,,SI,,,,,,,,,,,,,,
PDC2022-133995-I00,IEA,UNIVERSIDAD DE JAEN,INSTITUTO UNIVERSITARIO DE INVESTIGACIÓN EN OLIVAR Y ACEITES DE OLIVA,ANDALUCIA,2,138000.0,SI,,,,,,,SI,,SI,,,,,,,,
PDC2022-133597-C42,INF,UNIVERSIDAD DE MALAGA,DPTO. TECNOLOGIA ELECTRONICA,ANDALUCIA,2,50255.0,SI,,,,,,,,,SI,,,,,,,,
PDC2022-133495-I00,AYF,UNIVERSIDAD DE MALAGA,FACULTAD DE CIENCIAS,ANDALUCIA,2,115000.0,SI,,SI,,,,,,,,,,,,,SI,,
PDC2022-133663-C21,MTM,UNIVERSIDAD DE MALAGA,FACULTAD DE CIENCIAS,ANDALUCIA,2,103500.0,SI,,,,SI,,,,,,,,,,,,,
PDC2022-133643-C21,IEA,"UNIVERSIDAD PABLO DE OLAVIDE, DE SEVILLA",ESCUELA POLITECNICA SUPERIOR,ANDALUCIA,2,69000.0,SI,,,,,,,SI,,SI,,,,,,,,
PDC2022-133157-I00,ART,"UNIVERSIDAD PABLO DE OLAVIDE, DE SEVILLA",FACULTAD DE CIENCIAS EXPERIMENTALES,ANDALUCIA,2,143750.0,SI,,,,,,,,,,,SI,,,,,,
PDC2022-133369-I00,MBM,UNIVERSIDAD DE SEVILLA,ESCUELA POLITECNICA SUPERIOR,ANDALUCIA,2,115000.0,SI,,,SI,,,,,,,,,,,,,,
PDC2022-133521-I00,INF,UNIVERSIDAD DE SEVILLA,ESCUELA TECNICA SUPERIOR DE INGENIERIA INFORMATICA,ANDALUCIA,2,124890.0,SI,,,,,,,,,SI,,,,,,,,
PDC2022-133627-I00,QMC,UNIVERSIDAD DE SEVILLA,FACULTAD DE FARMACIA,ANDALUCIA,2,149500.0,SI,,,,,,,,,,,,SI,,,,,
PDC2022-133866-I00,IQM,UNIVERSIDAD DE ZARAGOZA,ESCUELA DE INGENIERIA Y ARQUITECTURA,ARAGON,2,137080.0,SI,,,,,,,,,SI,,,SI,,,,,
PDC2022-133395-C43,AYF,UNIVERSIDAD DE ZARAGOZA,ESCUELA POLITECNICA SUPERIOR DE HUESCA,ARAGON,2,29900.0,SI,,SI,,,,,,,,,,,,,SI,,
PDC2022-133712-I00,BDV,UNIVERSIDAD DE ZARAGOZA,ESCUELA POLITECNICA SUPERIOR DE HUESCA,ARAGON,2,149500.0,SI,,,,,,,,,,,,,,,SI,,
PDC2022-133075-I00,BTC,UNIVERSIDAD DE ZARAGOZA,FACULTAD DE MEDICINA,ARAGON,2,138000.0,SI,,,SI,,,,,,SI,,,,,,,,
PDC2022-133197-I00,IBI,UNIVERSIDAD DE ZARAGOZA,INSTITUTO DE INVESTIGACION EN INGENIERIA DE ARAGON I3A-,ARAGON,2,92000.0,SI,,,SI,,,,,,,,,,,,,,
PDC2022-133374-I00,ENE,UNIVERSIDAD DE ZARAGOZA,INSTITUTO DE INVESTIGACION EN INGENIERIA DE ARAGON I3A-,ARAGON,2,132250.0,SI,,,,,,,SI,,,,,,SI,,,,
PDC2022-133066-I00,ENE,UNIVERSIDAD DE ZARAGOZA,INSTITUTO UNIVERSITARIO DE INVESTIGACION EN INGENIERIA DE ARAGON,ARAGON,2,144900.0,SI,,,,,,,SI,,,,,,SI,,,,
PDC2022-133939-I00,INF,FUNDACION UNIVERSIDAD SAN JORGE,ESCUELA DE ARQUITECTURA Y TECNOLOGÍA,ARAGON,2,124200.0,SI,,,,,,,,,SI,,,,,,,,
PDC2022-134013-I00,INF,UNIVERSIDAD DE LA LAGUNA,UNIVERSIDAD DE LA LAGUNA,CANARIAS,2,120750.0,SI,,,,,,,,,SI,,,,,,,,
PDC2022-133116-I00,ICA,UNIVERSIDAD DE CANTABRIA,"ESCUELA TECNICA SUPERIOR DE ING. CAMINOS, CANALES Y PUERTOS",CANTABRIA,2,138000.0,SI,,,,,,,,,SI,,SI,,,,,,
PDC2022-133563-I00,TMA,UNIVERSIDAD DE CANTABRIA,ESCUELA TECN.SUP. INGENIEROS INDUSTRIALES Y TELECOMUNICACION,CANTABRIA,2,101200.0,SI,,,,,,,,,,,,,SI,,,,
PDC2022-133122-I00,TMA,UNIVERSIDAD DE CANTABRIA,INGENIERIAS QUIMICA Y BIOMOLECULAR,CANTABRIA,2,149500.0,SI,,,,,,,,,,,,,SI,,,,
PDC2022-133704-I00,IQM,UNIVERSIDAD DE CANTABRIA,INGENIERIAS QUIMICA Y BIOMOLECULAR,CANTABRIA,2,138000.0,SI,,,,,,,,,SI,,,SI,,,,,
PDC2022-133579-I00,ICA,UNIVERSIDAD DE CANTABRIA,INSTITUTO DE HIDRAULICA AMBIENTAL DE CANTABRIA,CANTABRIA,2,103500.0,SI,,,,,,,,,SI,,SI,,,,,,
PDC2022-133124-I00,ARQ,UNIVERSIDAD DE CANTABRIA,INSTITUTO INTERNACIONAL DE INVESTIGACIONES PREHISTORICAS,CANTABRIA,2,78614.0,SI,,,,,,,,,,,SI,,,,,,
PDC2022-133419-I00,ENE,UNIVERSIDAD DE BURGOS,ESCUELA POLITECNICA SUPERIOR,CASTILLA Y LEON,2,126500.0,SI,,,,,,,SI,,,,,,SI,,,,
PDC2022-133443-I00,IQM,UNIVERSIDAD DE BURGOS,FACULTAD DE CIENCIAS,CASTILLA Y LEON,2,143750.0,SI,,,,,,,,,SI,,,SI,,,,,
PDC2022-133955-I00,QMC,UNIVERSIDAD DE BURGOS,FACULTAD DE CIENCIAS,CASTILLA Y LEON,2,115000.0,SI,,,,,,,,,,,,SI,,,,,
PDC2022-133073-I00,EYF,UNIVERSIDAD DE BURGOS,FACULTAD DE CIENCIAS ECONOMICAS Y EMPRESARIALES,CASTILLA Y LEON,2,123625.0,SI,,,,,,,,SI,,,,,,,,,
PDC2022-133834-C22,CYA,UNIVERSIDAD DE LEÓN,INSTITUTO DE MEDIO AMBIENTE,CASTILLA Y LEON,2,40250.0,SI,,,,,,,,,,,,,SI,,,,
PDC2022-133161-C31,INF,UNIVERSIDAD DE SALAMANCA,DPTO. DE INFORMÁTICA Y AUTOMÁTICA,CASTILLA Y LEON,2,47610.0,SI,,,,,,,,,SI,,,,,,,,
PDC2022-133355-I00,SOC,UNIVERSIDAD DE SALAMANCA,INSTITUTO DE ESTUDIOS DE LA CIENCIA Y LA TECNOLOGIA,CASTILLA Y LEON,2,149500.0,SI,,,,,,,,,,SI,,,,,,,
PDC2022-133652-I00,BIF,UNIVERSIDAD DE SALAMANCA,INSTITUTO DE NEUROCIENCIAS DE CASTILLA Y LEON (INCYL),CASTILLA Y LEON,2,143750.0,SI,,,SI,,,,,,,,,,,,,,
PDC2022-133391-I00,MEN,UNIVERSIDAD DE VALLADOLID,"DPTO. FISICA MATERIA CONDENSADA, CRISTALOGR. Y MINERALOGIA",CASTILLA Y LEON,2,149500.0,SI,,,,,,,,,,,,,SI,,,,
PDC2022-133460-I00,EDU,UNIVERSIDAD DE VALLADOLID,FACULTAD DE EDUCACION Y TRABAJO SOCIAL,CASTILLA Y LEON,2,71587.5,SI,,,,SI,,,,,,,,,,,,,
PDC2022-133239-C21,MBM,UNIVERSIDAD DE VALLADOLID,INSTITUTO DE OFTALMOBIOLOGIA APLICADA,CASTILLA Y LEON,2,115000.0,SI,,,SI,,,,,,,,,,,,,,
PDC2022-133394-I00,TMA,UNIVERSIDAD DE VALLADOLID,INSTITUTO DE PROCESOS SOSTENIBLES,CASTILLA Y LEON,2,149500.0,SI,,,,,,,,,,,,,SI,,,,
PDC2022-133212-I00,GEO,UNIVERSIDAD AUTONOMA DE BARCELONA,DEPARTAMENT DE GEOGRAFIA,CATALUÑA,2,149960.0,SI,,,,,,,,,,,SI,,SI,,,,
PDC2022-133332-C21,FYA,UNIVERSIDAD AUTONOMA DE BARCELONA,DPTO. FISICA,CATALUÑA,2,103500.0,SI,,,,,,,,,SI,,,,,,,,
PDC2022-133368-I00,QMC,UNIVERSIDAD AUTONOMA DE BARCELONA,FACULTAD DE CIENCIAS,CATALUÑA,2,143750.0,SI,,,,,,,,,,,,SI,,,,,
PDC2022-133136-I00,LFL,UNIVERSIDAD AUTONOMA DE BARCELONA,FACULTAT DE FILOSOFIA I LLETRES,CATALUÑA,2,92000.0,NO,,,,,,,,,,,,,,,,,
PDC2022-133194-C21,GYA,UNIVERSIDAD AUTONOMA DE BARCELONA,INSTITUT DE BIOTECNOLOGIA I DE BIOMEDICINA V.VILLAR I PALASI (IBB),CATALUÑA,2,68425.0,SI,,SI,,,,,,,,,,,,,,,
PDC2022-133261-C22,MBM,UNIVERSIDAD AUTONOMA DE BARCELONA,INSTITUT DE BIOTECNOLOGIA I DE BIOMEDICINA V.VILLAR I PALASI (IBB),CATALUÑA,2,50025.0,SI,,,SI,,,,,,,,,,,,,,
PDC2022-133363-I00,BTC,UNIVERSIDAD AUTONOMA DE BARCELONA,INSTITUT DE BIOTECNOLOGIA I DE BIOMEDICINA V.VILLAR I PALASI (IBB),CATALUÑA,2,138000.0,SI,,,SI,,,,,,SI,,,,,,,,
PDC2022-133858-I00,BTC,UNIVERSIDAD AUTONOMA DE BARCELONA,INSTITUT DE BIOTECNOLOGIA I DE BIOMEDICINA V.VILLAR I PALASI (IBB),CATALUÑA,2,146050.0,SI,,,SI,,,,,,SI,,,,,,,,
PDC2022-133831-I00,ESN,UNIVERSIDAD AUTONOMA DE BARCELONA,INSTITUTO DE NEUROCIENCIAS,CATALUÑA,2,132825.0,SI,,,SI,,,,,,,,,,,,,,
PDC2022-133653-I00,CAN,UNIVERSIDAD DE BARCELONA,DEPARTAMENT BIOMEDICINA,CATALUÑA,2,149500.0,SI,,,SI,,,,,,,,,,,,,,
PDC2022-133783-I00,ESN,UNIVERSIDAD DE BARCELONA,DEPARTAMENT BIOMEDICINA,CATALUÑA,2,146625.0,SI,,,SI,,,,,,,,,,,,,,
PDC2022-133171-I00,ESN,UNIVERSIDAD DE BARCELONA,DEPARTAMENT DE BIOQUÍMICA I BIOMEDICINA MOLECULAR,CATALUÑA,2,132250.0,SI,,,SI,,,,,,,,,,,,,,
PDC2022-133351-I00,MNF,UNIVERSIDAD DE BARCELONA,DEPARTAMENT DE FÍSICA APLICADA,CATALUÑA,2,98900.0,SI,,,,,,,,,SI,,,,,,,,
PDC2022-133625-I00,FYA,UNIVERSIDAD DE BARCELONA,DEPARTAMENT DE FÍSICA APLICADA,CATALUÑA,2,138000.0,SI,,,,,,,,,SI,,,,,,,,
PDC2022-133305-I00,INF,UNIVERSIDAD DE BARCELONA,DEPARTAMENT DE MATEMÀTIQUES I INFORMÀTICA,CATALUÑA,2,138000.0,SI,,,,,,,,,SI,,,,,,,,
PDC2022-133918-C22,MNF,UNIVERSIDAD DE BARCELONA,DEPARTAMENT D'ENGINYERIA ELECTRÒNICA I BIOMÈDICA,CATALUÑA,2,39905.0,SI,,,,,,,,,SI,,,,,,,,
PDC2022-133826-I00,CAN,UNIVERSIDAD DE BARCELONA,FACULTAD DE BIOLOGIA,CATALUÑA,2,115000.0,SI,,,SI,,,,,,,,,,,,,,
PDC2022-133248-I00,EDU,UNIVERSIDAD DE BARCELONA,FACULTAD DE EDUCACION,CATALUÑA,2,82226.15,SI,,,,SI,,,,,,,,,,,,,
PDC2022-133812-C22,EDU,UNIVERSIDAD DE BARCELONA,FACULTAD DE EDUCACION,CATALUÑA,2,30130.0,SI,,,,SI,,,,,,,,,,,,,
PDC2022-133441-I00,DPT,UNIVERSIDAD DE BARCELONA,FACULTAD DE FARMACIA,CATALUÑA,2,132250.0,SI,,,SI,,,,,,,,,,,,,,
PDC2022-133207-I00,CYA,UNIVERSIDAD DE BARCELONA,FACULTAD DE FISICA,CATALUÑA,2,149500.0,SI,,,,,,,,,,,,,SI,,,,
PDC2022-133642-I00,INF,UNIVERSIDAD DE BARCELONA,FACULTAD DE MATEMATICAS,CATALUÑA,2,136850.0,SI,,,,,,,,,SI,,,,,,,,
PDC2022-133276-I00,EDU,UNIVERSIDAD DE BARCELONA,FACULTAD DE PEDAGOGIA,CATALUÑA,2,37605.0,SI,,,,SI,,,,,,,,,,,,,
PDC2022-133054-I00,PSI,UNIVERSIDAD DE BARCELONA,FACULTAD DE PSICOLOGIA,CATALUÑA,2,86250.0,SI,,,SI,,,,,,,,,,,,,,
PDC2022-133624-I00,IQM,UNIVERSIDAD DE BARCELONA,FACULTAD DE QUIMICA,CATALUÑA,2,135700.0,SI,,,,,,,,,SI,,,SI,,,,,
PDC2022-133044-I00,PSI,UNIVERSIDAD DE BARCELONA,INSTITUT DE NEUROCIÈNCIES DE LA UNIVERSIDAD DE BARCELONA (UBNEURO),CATALUÑA,2,97750.0,SI,,,SI,,,,,,,,,,,,,,
PDC2022-133184-I00,QMC,UNIVERSIDAD DE BARCELONA,INSTITUTO DE NANOCIENCIA Y NANOTECNOLOGÍA (IN2UB),CATALUÑA,2,115000.0,SI,,,,,,,,,,,,SI,,,,,
PDC2022-133950-I00,QMC,UNIVERSITAT DE GIRONA,DPTO. DE QUÍMICA,CATALUÑA,2,143750.0,SI,,,,,,,,,,,,SI,,,,,
PDC2022-133299-I00,HIS,UNIVERSITAT DE GIRONA,INSTITUT DE RECERCA HISTORICA,CATALUÑA,2,91080.0,SI,,,,,,,,,,,SI,,,,,SI,
PDC2022-133800-I00,MAR,UNIVERSITAT DE GIRONA,INSTITUTO DE ECOLOGIA ACUATICA,CATALUÑA,2,131100.0,SI,,,,,,,,,,,,,,SI,,,
PDC2022-133628-C22,MBM,"UNIVERSITAT INTERNACIONAL DE CATALUNYA,FUNDACIO PRIVADA",FACULTAD DE ODONTOLOGIA,CATALUÑA,2,32890.0,SI,,,SI,,,,,,,,,,,,,,
PDC2022-133215-I00,ENE,UNIVERSIDAD DE LLEIDA,ESCUELA  POLITECNICA SUPERIOR,CATALUÑA,2,140300.0,SI,,,,,,,SI,,,,,,SI,,,,
PDC2022-133203-I00,EDU,UNIVERSIDAD DE LLEIDA,FACULTAD DE CIENCIAS DE LA EDUCACION,CATALUÑA,2,55195.4,SI,,,,SI,,,,,,,,,,,,,
PDC2022-133779-I00,INF,UNIVERSITAT POMPEU FABRA CCT,DPTO. DE TECNOLOGÍAS DE LA INFORMACIÓN Y LAS COMUNICACIONES,CATALUÑA,2,124200.0,SI,,,,,,,,,SI,,,,,,,,
PDC2022-133859-I00,PSI,UNIVERSITAT POMPEU FABRA CCT,DPTO. DE TECNOLOGÍAS DE LA INFORMACIÓN Y LAS COMUNICACIONES,CATALUÑA,2,74750.0,SI,,,SI,,,,,,,,,,,,,,
PDC2022-133319-I00,INF,UNIVERSITAT POMPEU FABRA CCT,ESCUELA SUPERIOR POLITECNICA-ESTUDIOS INGENIERIA DE TELECOMUNICACION,CATALUÑA,2,133400.0,SI,,,,,,,,,SI,,,,,,,,
PDC2022-133780-C21,FOS,"UNIVERSITAT RAMON LLULL, FUNDACIO PRIVADA",ESCUELA TECNICA SUPERIOR - INSTITUTO QUIMICO DE SARRIA (ETS-IQS),CATALUÑA,2,74750.0,SI,,,SI,,,,,,,,,,,,,,
PDC2022-133812-C21,EDU,"UNIVERSITAT RAMON LLULL, FUNDACIO PRIVADA",FACULTAD DE ECONOMIA,CATALUÑA,2,33580.0,SI,,,,SI,,,,,,,,,,,,,
PDC2022-133188-I00,CAN,"UNIVERSITAT RAMON LLULL, FUNDACIO PRIVADA",VICERRECTORADO DE INVESTIGACION Y TECNOLOGIA,CATALUÑA,2,149500.0,SI,,,SI,,,,,,,,,,,,,,
PDC2022-133580-I00,BTC,"UNIVERSITAT RAMON LLULL, FUNDACIO PRIVADA",VICERRECTORADO DE INVESTIGACION Y TECNOLOGIA,CATALUÑA,2,138000.0,SI,,,SI,,,,,,SI,,,,,,,,
PDC2022-133383-I00,INF,UNIVERSITAT ROVIRA I VIRGILI,ESCUELA TECNICA SUPERIOR DE INGENIERIA,CATALUÑA,2,128800.0,SI,,,,,,,,,SI,,,,,,,,
PDC2022-133967-I00,MNF,UNIVERSITAT ROVIRA I VIRGILI,ESCUELA TECNICA SUPERIOR DE INGENIERIA,CATALUÑA,2,119600.0,SI,,,,,,,,,SI,,,,,,,,
PDC2022-133989-I00,INA,UNIVERSITAT ROVIRA I VIRGILI,ESCUELA TECNICA SUPERIOR DE INGENIERIA QUIMICA,CATALUÑA,2,138000.0,SI,,,,,,,,,SI,,,,,,,,
PDC2022-133436-I00,EDU,UNIVERSITAT ROVIRA I VIRGILI,FACULTAD DE CIENCIAS DE LA EDUCACION Y PSICOLOGIA,CATALUÑA,2,66487.25,SI,,,,SI,,,,,,,,,,,,,
PDC2022-133651-C22,TCO,UNIVERSIDAD DE ALCALA,DEPARTAMENTO DE TEORÍA DE LA SEÑAL Y COMUNICACIONES,MADRID,2,74750.0,SI,,,,,,,,,SI,,,,,,,,
PDC2022-133470-I00,IEA,UNIVERSIDAD DE ALCALA,ESCUELA POLITECNICA SUPERIOR,MADRID,2,138000.0,SI,,,,,,,SI,,SI,,,,,,,,
PDC2022-133974-C21,TMA,UNIVERSIDAD DE ALCALA,FACULTAD DE QUIMICA,MADRID,2,103500.0,SI,,,,,,,,,,,,,SI,,,,
PDC2022-133147-I00,BMC,UNIVERSIDAD AUTONOMA DE MADRID,CENTRO DE BIOLOGIA MOLECULAR SEVERO OCHOA (CBM),MADRID,2,132250.0,SI,,,SI,,,,,,,,,,,,,,
PDC2022-133134-C22,BTC,UNIVERSIDAD AUTONOMA DE MADRID,FACULTAD DE CIENCIAS,MADRID,2,73600.0,SI,,,SI,,,,,,SI,,,,,,,,
PDC2022-133498-I00,MES,UNIVERSIDAD AUTONOMA DE MADRID,FACULTAD DE CIENCIAS,MADRID,2,143750.0,SI,,,,,,,,,SI,,,,,,,,
PDC2022-133805-I00,TMA,UNIVERSIDAD AUTONOMA DE MADRID,FACULTAD DE CIENCIAS,MADRID,2,142600.0,SI,,,,,,,,,,,,,SI,,,,
PDC2022-133252-I00,CAN,UNIVERSIDAD AUTONOMA DE MADRID,FACULTAD DE MEDICINA,MADRID,2,149155.0,SI,,,SI,,,,,,,,,,,,,,
PDC2022-133765-I00,FOS,UNIVERSIDAD AUTONOMA DE MADRID,FACULTAD DE MEDICINA,MADRID,2,149500.0,SI,,,SI,,,,,,,,,,,,,,
PDC2022-133809-I00,ESN,UNIVERSIDAD AUTONOMA DE MADRID,FACULTAD DE MEDICINA,MADRID,2,132250.0,SI,,,SI,,,,,,,,,,,,,,
PDC2022-133204-I00,EDU,UNIVERSIDAD AUTONOMA DE MADRID,FACULTAD DE PSICOLOGIA,MADRID,2,43125.0,SI,,,,SI,,,,,,,,,,,,,
PDC2022-133884-I00,TRA,UNIVERSIDAD CARLOS III DE MADRID,DPTO. DE BIOINGENIERIA E INGENIERIA AEROESPACIAL,MADRID,2,138000.0,SI,,,,,,,,,,,SI,,,,,,
PDC2022-133359-I00,MTM,UNIVERSIDAD CARLOS III DE MADRID,DPTO. ESTADISTICA,MADRID,2,115000.0,SI,,,,SI,,,,,,,,,,,,,
PDC2022-133597-C43,INF,UNIVERSIDAD CARLOS III DE MADRID,DPTO. INFORMATICA,MADRID,2,19090.0,SI,,,,,,,,,SI,,,,,,,,
PDC2022-133518-I00,IEA,UNIVERSIDAD CARLOS III DE MADRID,DPTO. INGENIERIA DE SISTEMAS Y AUTOMATICA,MADRID,2,138000.0,SI,,,,,,,SI,,SI,,,,,,,,
PDC2022-133684-C31,TRA,UNIVERSIDAD CARLOS III DE MADRID,DPTO. INGENIERIA DE SISTEMAS Y AUTOMATICA,MADRID,2,55200.0,SI,,,,,,,,,,,SI,,,,,,
PDC2022-133898-C32,IBI,UNIVERSIDAD CARLOS III DE MADRID,DPTO. INGENIERIA DE SISTEMAS Y AUTOMATICA,MADRID,2,33350.0,SI,,,SI,,,,,,,,,,,,,,
PDC2022-133349-I00,ENE,UNIVERSIDAD CARLOS III DE MADRID,DPTO. INGENIERIA ELECTRICA,MADRID,2,143750.0,SI,,,,,,,SI,,,,,,SI,,,,
PDC2022-133888-I00,TCO,UNIVERSIDAD CARLOS III DE MADRID,DPTO. INGENIERIA TELEMATICA,MADRID,2,149155.0,SI,,,,,,,,,SI,,,,,,,,
PDC2022-133811-C22,TCO,UNIVERSIDAD CARLOS III DE MADRID,DPTO. TEORIA DE LA SEÑAL Y COMUNICACIONES,MADRID,2,66585.0,SI,,,,,,,,,SI,,,,,,,,
PDC2022-133185-I00,EDU,UNIVERSIDAD NACIONAL DE EDUCACION A DISTANCIA,FACULTAD DE EDUCACION,MADRID,2,38985.0,SI,,,,SI,,,,,,,,,,,,,
PDC2022-133935-I00,LYL,UNIVERSIDAD NACIONAL DE EDUCACION A DISTANCIA,FACULTAD DE FILOLOGIA,MADRID,2,109250.0,SI,,,,SI,,,,,,,,,,,,,
PDC2022-133742-I00,BTC,UNIVERSIDAD POLITECNICA DE MADRID,CENTRO DE BIOTECNOLOGIA Y GENOMICA DE PLANTAS (CBGP),MADRID,2,138000.0,SI,,,SI,,,,,,SI,,,,,,,,
PDC2022-133895-I00,AYF,UNIVERSIDAD POLITECNICA DE MADRID,CENTRO DE BIOTECNOLOGIA Y GENOMICA DE PLANTAS (CBGP),MADRID,2,132250.0,SI,,SI,,,,,,,,,,,,,SI,,
PDC2022-133045-I00,TRA,UNIVERSIDAD POLITECNICA DE MADRID,CENTRO DE INVESTIGACION DEL TRANSPORTE (TRANSYT),MADRID,2,146050.0,SI,,,,,,,,,,,SI,,,,,,
PDC2022-133028-I00,IBI,UNIVERSIDAD POLITECNICA DE MADRID,CENTRO DE TECNOLOGÍA BIOMÉDICA: CTB,MADRID,2,138000.0,SI,,,SI,,,,,,,,,,,,,,
PDC2022-133173-I00,INF,UNIVERSIDAD POLITECNICA DE MADRID,CENTRO DE TECNOLOGÍA BIOMÉDICA: CTB,MADRID,2,80730.0,SI,,,,,,,,,SI,,,,,,,,
PDC2022-133643-C22,IEA,UNIVERSIDAD POLITECNICA DE MADRID,ETSI. INDUST.,MADRID,2,69000.0,SI,,,,,,,SI,,SI,,,,,,,,
PDC2022-133657-I00,MNF,UNIVERSIDAD POLITECNICA DE MADRID,INFORMATION PROCESSING AND TELECOMMUNICATIONS CENTER,MADRID,2,137885.0,SI,,,,,,,,,SI,,,,,,,,
PDC2022-133865-I00,IBI,UNIVERSIDAD POLITECNICA DE MADRID,INFORMATION PROCESSING AND TELECOMMUNICATIONS CENTER,MADRID,2,126500.0,SI,,,SI,,,,,,,,,,,,,,
PDC2022-133445-I00,MNF,UNIVERSIDAD POLITECNICA DE MADRID,INSTITUTO DE ENERGIA SOLAR,MADRID,2,137655.0,SI,,,,,,,,,SI,,,,,,,,
PDC2022-133752-I00,ENE,UNIVERSIDAD POLITECNICA DE MADRID,INSTITUTO DE ENERGIA SOLAR,MADRID,2,132250.0,SI,,,,,,,SI,,,,,,SI,,,,
PDC2022-133381-I00,TRA,UNIVERSIDAD POLITECNICA DE MADRID,INSTITUTO UNIVERSITARIO INVESTIGACION DEL AUTOMOVIL (INSIA),MADRID,2,103500.0,SI,,,,,,,,,,,SI,,,,,,
PDC2022-133684-C32,TRA,UNIVERSIDAD POLITECNICA DE MADRID,INSTITUTO UNIVERSITARIO INVESTIGACION DEL AUTOMOVIL (INSIA),MADRID,2,56350.0,SI,,,,,,,,,,,SI,,,,,,
PDC2022-133145-I00,PSI,UNIVERSIDAD DE NAVARRA,FACULTAD DE EDUCACIÓN Y PSICOLOGÍA,NAVARRA,2,63250.0,SI,,,SI,,,,,,,,,,,,,,
PDC2022-133839-C22,IQM,UNIVERSIDAD DE ALICANTE,DPTO. DE QUÍMICA INORGÁNICA,C.VALENCIANA,2,34500.0,SI,,,,,,,,,SI,,,SI,,,,,
PDC2022-133146-C22,INF,UNIVERSIDAD DE ALICANTE,ESCUELA POLITECNICA SUPERIOR,C.VALENCIANA,2,54855.0,SI,,,,,,,,,SI,,,,,,,,
PDC2022-133708-C33,EYA,UNIVERSIDAD DE ALICANTE,INSTITUTO INTERUNIVERSITARIO DE ECONOMIA INTERNACIONAL,C.VALENCIANA,2,24150.0,SI,,,,,,,,SI,SI,,,,,,,,
PDC2022-133600-C22,AYF,UNIVERSITAT JAUME I DE CASTELLO,"DEPARTAMENTO DE BIOLOGÍA, BIOQUÍMICA Y CIENCIAS NATURALES",C.VALENCIANA,2,57500.0,SI,,SI,,,,,,,,,,,,,SI,,
PDC2022-133313-C22,QMC,UNIVERSITAT JAUME I DE CASTELLO,ESCUELA SUPERIOR DE CIENCIAS EXPERIMENTALES Y TECNOLOGIA,C.VALENCIANA,2,63250.0,SI,,,,,,,,,,,,SI,,,,,
PDC2022-134006-C22,ALI,UNIVERSITAT JAUME I DE CASTELLO,ESCUELA SUPERIOR DE TECNOLOGIA Y CIENCIAS EXPERIMENTALES,C.VALENCIANA,2,74750.0,SI,,SI,,,,,,,,,,SI,,,,,
PDC2022-133612-I00,MEN,UNIVERSITAT JAUME I DE CASTELLO,INSTITUTO UNIVERSITARIO DE INVESTIGACIÓN DE MATERIALES AVANZADOS,C.VALENCIANA,2,149500.0,SI,,,,,,,,,,,,,SI,,,,
PDC2022-133270-C21,IEA,UNIVERSIDAD MIGUEL HERNANDEZ DE ELCHE,"DPTO. CIENCIA DE MATERIALES, ÓPTICA Y TECNOLOGÍA ELECTRÓNICA",C.VALENCIANA,2,63250.0,SI,,,,,,,SI,,SI,,,,,,,,
PDC2022-133539-I00,IBI,UNIVERSIDAD MIGUEL HERNANDEZ DE ELCHE,DPTO. DE INGENIERIA DE SISTEMAS Y AUTOMATICA,C.VALENCIANA,2,115000.0,SI,,,SI,,,,,,,,,,,,,,
PDC2022-133622-I00,IEA,UNIVERSIDAD MIGUEL HERNANDEZ DE ELCHE,DPTO. DE INGENIERIA DE SISTEMAS Y AUTOMATICA,C.VALENCIANA,2,138000.0,SI,,,,,,,SI,,SI,,,,,,,,
PDC2022-133332-C22,FYA,UNIVERSIDAD MIGUEL HERNANDEZ DE ELCHE,INSTITUTO DE BIOINGENIERIA,C.VALENCIANA,2,46000.0,SI,,,,,,,,,SI,,,,,,,,
PDC2022-133952-I00,IBI,UNIVERSIDAD MIGUEL HERNANDEZ DE ELCHE,INSTITUTO DE BIOINGENIERIA,C.VALENCIANA,2,138000.0,SI,,,SI,,,,,,,,,,,,,,
PDC2022-133194-C22,GYA,UNIVERSIDAD MIGUEL HERNANDEZ DE ELCHE,"INSTITUTO DE INVESTIGACIÓN, DESARROLLO E INNOVACIÓN EN BIOTECNOLOGÍA SANITARIA EN ELCHE (IDIBE)",C.VALENCIANA,2,79925.0,SI,,SI,,,,,,,,,,,,,,,
PDC2022-133405-I00,DPT,UNIVERSIDAD MIGUEL HERNANDEZ DE ELCHE,"INSTITUTO DE INVESTIGACIÓN, DESARROLLO E INNOVACIÓN EN BIOTECNOLOGÍA SANITARIA EN ELCHE (IDIBE)",C.VALENCIANA,2,149500.0,SI,,,SI,,,,,,,,,,,,,,
PDC2022-133957-I00,INA,UNIVERSITAT POLITÈCNICA DE VALÈNCIA,CENTRO DE INVESTIGACION DE GESTION E INGENIERIA DE LA PRODUCCION,C.VALENCIANA,2,115000.0,SI,,,,,,,,,SI,,,,,,,,
PDC2022-133267-C21,MNF,UNIVERSITAT POLITÈCNICA DE VALÈNCIA,CENTRO DE TECNOLOGIA NANOFOTONICA,C.VALENCIANA,2,97520.0,SI,,,,,,,,,SI,,,,,,,,
PDC2022-133527-I00,TRA,UNIVERSITAT POLITÈCNICA DE VALÈNCIA,DPTO. MÁQUINAS Y MOTORES TÉRMICOS,C.VALENCIANA,2,132250.0,SI,,,,,,,,,,,SI,,,,,,
PDC2022-133395-C42,AYF,UNIVERSITAT POLITÈCNICA DE VALÈNCIA,DPTO. MECANIZACION  Y TECNOGIA AGRARIA,C.VALENCIANA,2,29900.0,SI,,SI,,,,,,,,,,,,,SI,,
PDC2022-133474-I00,ICA,UNIVERSITAT POLITÈCNICA DE VALÈNCIA,"ESCUELA TECNICA SUPERIOR DE ING. CAMINOS, CANALES Y PUERTOS",C.VALENCIANA,2,138000.0,SI,,,,,,,,,SI,,SI,,,,,,
PDC2022-133549-C22,ALI,UNIVERSITAT POLITÈCNICA DE VALÈNCIA,ESCUELA TECNICA SUPERIOR DE INGENIEROS AGRONOMOS,C.VALENCIANA,2,67850.0,SI,,SI,,,,,,,,,,SI,,,,,
PDC2022-133099-I00,IEA,UNIVERSITAT POLITÈCNICA DE VALÈNCIA,INSTITUTO DE AUTOMATICA E INFORMATICA INDUSTRIAL - AI2,C.VALENCIANA,2,138000.0,SI,,,,,,,SI,,SI,,,,,,,,
PDC2022-133576-C21,MBM,UNIVERSITAT POLITÈCNICA DE VALÈNCIA,INSTITUTO DE RECONOCIMIENTO MOLECULAR Y DESARROLLO TECNOLOGICO,C.VALENCIANA,2,57500.0,SI,,,SI,,,,,,,,,,,,,,
PDC2022-133142-I00,IQM,UNIVERSITAT POLITÈCNICA DE VALÈNCIA,"INSTITUTO DE SEGURIDAD INDUSTRIAL, RADIOFISICA Y MEDIOAMBIENTAL",C.VALENCIANA,2,116380.0,SI,,,,,,,,,SI,,,SI,,,,,
PDC2022-133426-I00,QMC,UNIVERSITAT POLITÈCNICA DE VALÈNCIA,INSTITUTO DE TECNOLOGIA QUIMICA (ITQ),C.VALENCIANA,2,120750.0,SI,,,,,,,,,,,,SI,,,,,
PDC2022-133651-C21,TCO,UNIVERSITAT POLITÈCNICA DE VALÈNCIA,INSTITUTO DE TELECOMUNICACIONES Y APLICACIONES MULTIMEDIA - ITEAM,C.VALENCIANA,2,74750.0,SI,,,,,,,,,SI,,,,,,,,
PDC2022-133811-C21,TCO,UNIVERSITAT POLITÈCNICA DE VALÈNCIA,INSTITUTO DE TELECOMUNICACIONES Y APLICACIONES MULTIMEDIA - ITEAM,C.VALENCIANA,2,77280.0,SI,,,,,,,,,SI,,,,,,,,
PDC2022-133513-I00,AYF,UNIVERSITAT POLITÈCNICA DE VALÈNCIA,INSTITUTO UNIVERSITARIO DE CONSERVACION Y MEJORA DE LA AGRODIVERSIDAD VALENCIANA,C.VALENCIANA,2,149500.0,SI,,SI,,,,,,,,,,,,,SI,,
PDC2022-133049-I00,INF,UNIVERSITAT POLITÈCNICA DE VALÈNCIA,INSTITUTO VALENCIANO DE INVESTIGACIÓN EN INTELIGENCIA ARTIFICIAL,C.VALENCIANA,2,123050.0,SI,,,,,,,,,SI,,,,,,,,
PDC2022-133161-C32,INF,UNIVERSITAT POLITÈCNICA DE VALÈNCIA,INSTITUTO VALENCIANO DE INVESTIGACIÓN EN INTELIGENCIA ARTIFICIAL,C.VALENCIANA,2,46805.0,SI,,,,,,,,,SI,,,,,,,,
PDC2022-133118-I00,INF,UNIVERSITAT POLITÈCNICA DE VALÈNCIA,UNIVERSITAT POLITÈCNICA DE VALÈNCIA,C.VALENCIANA,2,97175.0,SI,,,,,,,,,SI,,,,,,,,
PDC2022-133270-C22,IEA,UNIVERSIDAD DE VALENCIA,DPTO. INGENIERIA ELECTRONICA,C.VALENCIANA,2,40250.0,SI,,,,,,,SI,,SI,,,,,,,,
PDC2022-133103-I00,DPT,UNIVERSIDAD DE VALENCIA,ERI DE BIOTECNOLOGIA Y BIOMEDICINA(BIOTECMED),C.VALENCIANA,2,149500.0,SI,,,SI,,,,,,,,,,,,,,
PDC2022-133576-C22,MBM,UNIVERSIDAD DE VALENCIA,ERI DE RECONOCIMIENTO MOLECULAR Y DESARROLLO TECNOLOGICO,C.VALENCIANA,2,57500.0,SI,,,SI,,,,,,,,,,,,,,
PDC2022-133890-I00,COM,UNIVERSIDAD DE VALENCIA,FACULTAD DE DERECHO,C.VALENCIANA,2,62330.0,SI,,,,,,,,,,,,,,,,SI,
PDC2022-133559-C22,ALI,UNIVERSIDAD DE VALENCIA,FACULTAD DE QUIMICA,C.VALENCIANA,2,61985.0,SI,,SI,,,,,,,,,,SI,,,,,
PDC2022-133205-I00,BDV,UNIVERSIDAD DE VALENCIA,INSTITUTO CAVANILLES DE BIODIVERSIDAD Y BIOLOGIA EVOLUTIVA,C.VALENCIANA,2,132250.0,SI,,,,,,,,,,,,,,,SI,,
PDC2022-133997-I00,QMC,UNIVERSIDAD DE VALENCIA,INSTITUTO DE CIENCIA MOLECULAR,C.VALENCIANA,2,149500.0,SI,,,,,,,,,,,,SI,,,,,
PDC2022-133199-I00,EDU,UNIVERSIDAD DE VALENCIA,INSTITUTO DE CREATIVIDAD E INNOVACIONES EDUCATIVAS,C.VALENCIANA,2,37253.1,SI,,,,SI,,,,,,,,,,,,,
PDC2022-133930-I00,AYA,UNIVERSIDAD DE VALENCIA,OBSERVATORIO ASTRONOMICO DE VALENCIA,C.VALENCIANA,2,51750.0,SI,,,,,,,,,,,,,SI,,,,
PDC2022-133285-C21,ICA,UNIVERSIDAD DE EXTREMADURA,ESCUELA POLITECNICA,EXTREMADURA,2,69000.0,SI,,,,,,,,,SI,,SI,,,,,,
PDC2022-133465-I00,INF,UNIVERSIDAD DE EXTREMADURA,ESCUELA POLITECNICA,EXTREMADURA,2,126500.0,SI,,,,,,,,,SI,,,,,,,,
PDC2022-133597-C41,INF,UNIVERSIDAD DE EXTREMADURA,ESCUELA POLITECNICA,EXTREMADURA,2,62330.0,SI,,,,,,,,,SI,,,,,,,,
PDC2022-133770-I00,TRA,UNIVERSIDADE DA CORUÑA,CENTRO DE INNOVACION TECNOLOGICA EN EDIFICACION E INGENIERIA CIVIL,GALICIA,2,138000.0,SI,,,,,,,,,,,SI,,,,,,
PDC2022-133132-I00,INF,UNIVERSIDADE DA CORUÑA,CENTRO DE INVESTIGACION EN TECNOLOXIAS DA INFORMACION E COMUNICACIONS,GALICIA,2,126500.0,SI,,,,,,,,,SI,,,,,,,,
PDC2022-133052-C22,GYA,UNIVERSIDADE DA CORUÑA,CENTRO DE INVESTIGACIONES CIENTÍFICAS AVANZADAS (CICA),GALICIA,2,69000.0,SI,,SI,,,,,,,,,,,,,,,
PDC2022-133743-I00,DPT,UNIVERSIDADE DE SANTIAGO DE COMPOSTELA,CIMUS - CENTRO DE INVESTIGACIÓN EN MEDICINA MOLECULAR Y ENFERMEDADES CRÓNICAS,GALICIA,2,132250.0,SI,,,SI,,,,,,,,,,,,,,
PDC2022-133958-I00,FOS,UNIVERSIDADE DE SANTIAGO DE COMPOSTELA,CIMUS - CENTRO DE INVESTIGACIÓN EN MEDICINA MOLECULAR Y ENFERMEDADES CRÓNICAS,GALICIA,2,149500.0,SI,,,SI,,,,,,,,,,,,,,
PDC2022-133402-I00,QMC,UNIVERSIDADE DE SANTIAGO DE COMPOSTELA,CIQUS - CENTRO SINGULAR DE INVESTIGACIÓN EN QUIMICA BIOLÓGICA Y MATERIALES MOLECULARES,GALICIA,2,141450.0,SI,,,,,,,,,,,,SI,,,,,
PDC2022-133925-I00,MEN,UNIVERSIDADE DE SANTIAGO DE COMPOSTELA,CIQUS - CENTRO SINGULAR DE INVESTIGACIÓN EN QUIMICA BIOLÓGICA Y MATERIALES MOLECULARES,GALICIA,2,149500.0,SI,,,,,,,,,,,,,SI,,,,
PDC2022-133933-C32,MNF,UNIVERSIDADE DE SANTIAGO DE COMPOSTELA,CITIUS - CENTRO DE INVESTIGACIÓN EN TECNOLOXÍAS DA INFORMACIÓN DE LA USC,GALICIA,2,57500.0,SI,,,,,,,,,SI,,,,,,,,
PDC2022-133154-I00,QMC,UNIVERSIDADE DE SANTIAGO DE COMPOSTELA,"DPTO. QUIMICA ANALITICA, NUTRICION Y BROMATOLOGIA",GALICIA,2,115000.0,SI,,,,,,,,,,,,SI,,,,,
PDC2022-133239-C22,MBM,UNIVERSIDADE DE SANTIAGO DE COMPOSTELA,FACULTAD DE FARMACIA,GALICIA,2,34500.0,SI,,,SI,,,,,,,,,,,,,,
PDC2022-133526-I00,MBM,UNIVERSIDADE DE SANTIAGO DE COMPOSTELA,FACULTAD DE FARMACIA,GALICIA,2,149385.0,SI,,,SI,,,,,,,,,,,,,,
PDC2022-133658-I00,MBM,UNIVERSIDADE DE SANTIAGO DE COMPOSTELA,FACULTAD DE FISICA,GALICIA,2,138000.0,SI,,,SI,,,,,,,,,,,,,,
PDC2022-133947-C21,FPN,UNIVERSIDADE DE SANTIAGO DE COMPOSTELA,INSTITUTO GALLEGO DE FISICA DE ALTAS ENERGIAS (IGFAE),GALICIA,2,128685.0,SI,,,,,,,,,SI,,,,,,,,
PDC2022-133052-C21,GYA,UNIVERSIDADE DE SANTIAGO DE COMPOSTELA,INSTITUTO UNIVERSITARIO DE ACUICULTURA,GALICIA,2,80500.0,SI,,SI,,,,,,,,,,,,,,,
PDC2022-133375-I00,CTA,UNIVERSIDAD DE VIGO,DPTO. BIOLOGIA VEGETAL Y CIENCIA DEL SUELO,GALICIA,2,120750.0,SI,,,,,,,,,,,,,SI,,SI,,
PDC2022-133517-I00,ICA,UNIVERSIDAD DE VIGO,"DPTO. INGENIERIA MATERIALES, MECANICA APLICADA Y CONSTRUC.",GALICIA,2,138000.0,SI,,,,,,,,,SI,,SI,,,,,,
PDC2022-133432-I00,TMA,UNIVERSIDAD DE VIGO,DPTO. INGENIERIA QUIMICA,GALICIA,2,143750.0,SI,,,,,,,,,,,,,SI,,,,
PDC2022-133766-I00,TCO,UNIVERSIDAD DE VIGO,DPTO. TEORIA DE LA SEÑAL Y COMUNICACIONES,GALICIA,2,140300.0,SI,,,,,,,,,SI,,,,,,,,
PDC2022-133719-I00,ENE,UNIVERSIDAD DE VIGO,ESCUELA DE INGIENERÍA INDUSTRIAL,GALICIA,2,138000.0,SI,,,,,,,,SI,,,,,SI,,,,
PDC2022-133947-C22,FPN,UNIVERSIDAD DE VIGO,ESCUELA DE INGIENERÍA INDUSTRIAL,GALICIA,2,21275.0,SI,,,,,,,,,SI,,,,,,,,
PDC2022-133982-I00,ENE,UNIVERSIDAD DE VIGO,ESCUELA DE INGIENERÍA INDUSTRIAL,GALICIA,2,115000.0,SI,,,,,,,,SI,,,,,SI,,,,
PDC2022-133851-I00,TRA,UNIVERSIDAD DE VIGO,ESCUELA TECNICA SUPERIOR DE INGENIEROS DE MINAS,GALICIA,2,126500.0,SI,,,,,,,,,,,SI,,,,,,
PDC2022-133820-I00,ALI,UNIVERSIDAD DE VIGO,FACULTAD DE CIENCIAS,GALICIA,2,146395.0,SI,,SI,,,,,,,,,,SI,,,,,
PDC2022-133849-I00,MAR,UNIVERSIDAD DE LAS ISLAS BALEARES,DPTO. BIOLOGÍA,BALEARES,2,148350.0,SI,,,,,,,,,,,,,,SI,,,
PDC2022-133242-I00,ALI,UNIVERSIDAD DE LA RIOJA,DPTO. INGENIERIA MECANICA,LA RIOJA,2,149500.0,SI,,SI,,,,,,,,,,SI,,,,,
PDC2022-133725-C21,QMC,UNIVERSIDAD DE LA RIOJA,FACULTAD DE CIENCIA Y TECNOLOGÍA,LA RIOJA,2,82800.0,SI,,,,,,,,,,,,SI,,,,,
PDC2022-133787-I00,INA,UNIVERSIDAD DEL PAIS VASCO EUSKAL HERRIKO UNIBERTSITATEA,ESCUELA DE INGENIERÍA DE BILBAO,PAIS VASCO,2,69000.0,SI,,,,,,,,,SI,,,,,,,,
PDC2022-133885-I00,MNF,UNIVERSIDAD DEL PAIS VASCO EUSKAL HERRIKO UNIBERTSITATEA,ESCUELA DE INGENIERÍA DE BILBAO,PAIS VASCO,2,149500.0,SI,,,,,,,,,SI,,,,,,,,
PDC2022-133839-C21,IQM,UNIVERSIDAD DEL PAIS VASCO EUSKAL HERRIKO UNIBERTSITATEA,FACULTAD DE CIENCIA Y TECNOLOGIA,PAIS VASCO,2,115115.0,SI,,,,,,,,,SI,,,SI,,,,,
PDC2022-133897-I00,IQM,UNIVERSIDAD DEL PAIS VASCO EUSKAL HERRIKO UNIBERTSITATEA,FACULTAD DE CIENCIA Y TECNOLOGIA,PAIS VASCO,2,110055.0,SI,,,,,,,,,SI,,,SI,,,,,
PDC2022-133532-I00,DPT,UNIVERSIDAD POLITÉCNICA DE CARTAGENA,DEPARTAMENTO DE INGENIERÍA TÉRMICA Y DE FLUIDOS,MURCIA,2,132250.0,SI,,,SI,,,,,,,,,,,,,,
PDC2022-133708-C31,EYA,UNIVERSIDAD DE MURCIA,FACULTAD DE ECONOMIA Y EMPRESA,MURCIA,2,46920.0,SI,,,,,,,,SI,SI,,,,,,,,
PDC2022-133041-I00,EDU,UNIVERSIDAD DE MURCIA,FACULTAD DE EDUCACION,MURCIA,2,44275.0,SI,,,,SI,,,,,,,,,,,,,
PDC2022-133026-I00,INF,UNIVERSIDAD DE MURCIA,FACULTAD DE INFORMATICA,MURCIA,2,128800.0,SI,,,,,,,,,SI,,,,,,,,
PDC2022-133313-C21,QMC,UNIVERSIDAD DE MURCIA,FACULTAD DE QUIMICA,MURCIA,2,80500.0,SI,,,,,,,,,,,,SI,,,,,
PDC2022-133589-I00,GYA,UNIVERSIDAD DE MURCIA,FACULTAD DE VETERINARIA,MURCIA,2,149615.0,SI,,SI,,,,,,,,,,,,,,,
PDC2022-133422-I00,EDU,UNIVERSIDAD DE MURCIA,UNIVERSIDAD DE MURCIA,MURCIA,2,23575.0,SI,,,,SI,,,,,,,,,,,,,
PDC2022-133684-C33,TRA,UNIVERSIDAD EUROPEA DE MADRID SA,UNIVERSIDAD EUROPEA DE MADRID SA,MADRID,2,34500.0,SI,,,,,,,,,,,SI,,,,,,
PDC2022-133057-I00,DPT,UNIVERSIDAD COMPLUTENSE DE MADRID,FACULTAD DE CIENCIAS FISICAS,MADRID,2,103500.0,SI,,,SI,,,,,,,,,,,,,,
PDC2022-133488-I00,DPT,UNIVERSIDAD COMPLUTENSE DE MADRID,FACULTAD DE CIENCIAS QUIMICAS,MADRID,2,146280.0,SI,,,SI,,,,,,,,,,,,,,
PDC2022-133817-I00,QMC,UNIVERSIDAD COMPLUTENSE DE MADRID,FACULTAD DE FARMACIA,MADRID,2,115000.0,SI,,,,,,,,,,,,SI,,,,,
PDC2022-133429-I00,INF,UNIVERSIDAD COMPLUTENSE DE MADRID,FACULTAD DE INFORMATICA,MADRID,2,135355.0,SI,,,,,,,,,SI,,,,,,,,
PDC2022-133398-I00,FOS,UNIVERSIDAD COMPLUTENSE DE MADRID,FACULTAD DE MEDICINA,MADRID,2,132710.0,SI,,,SI,,,,,,,,,,,,,,
PDC2022-133095-I00,TMA,UNIVERSIDAD COMPLUTENSE DE MADRID,FACULTAD DE QUIMICA,MADRID,2,149500.0,SI,,,,,,,,,,,,,SI,,,,
PDC2022-133662-I00,ALI,UNIVERSIDAD COMPLUTENSE DE MADRID,FACULTAD DE VETERINARIA,MADRID,2,149500.0,SI,,SI,,,,,,,,,,SI,,,,,
PDC2022-133039-I00,MFU,UNIVERSIDAD COMPLUTENSE DE MADRID,INSTITUTO DE MAGNETISMO APLICADO (IMA),MADRID,2,143750.0,SI,,,,,,,,,SI,,,,,,,,
PDC2022-133582-I00,INF,UNIVERSIDAD COMPLUTENSE DE MADRID,INSTITUTO DE TECNOLOGIA DEL CONOCIMIENTO -  ITC,MADRID,2,115000.0,SI,,,,,,,,,SI,,,,,,,,
PDC2022-133230-I00,MAE,FUNDACIÓN UNIVERSIDAD LOYOLA ANDALUCIA,FACULTAD DE CIENCIAS ECONÓMICAS Y EMPRESARIALES,ANDALUCIA,2,126500.0,SI,,,,,,,,SI,,,,,,,,,
PDC2022-133226-I00,ENE,UNIVERSITAT POLITECNICA DE CATALUNYA,CENTRE D'INNOVACI TECNOL. EN CONVERTIDORS ESTÀTICS I ACCIONA,CATALUÑA,2,138000.0,SI,,,,,,,SI,,,,,,SI,,,,
PDC2022-133091-I00,TCO,UNIVERSITAT POLITECNICA DE CATALUNYA,"COMMSENSLAB - GRUPO DE TELEDETECCIÓN, ANTENAS, MICROONDAS I SUPERCONDUCTIVIDAD",CATALUÑA,2,129605.0,SI,,,,,,,,,SI,,,,,,,,
PDC2022-133143-I00,MBM,UNIVERSITAT POLITECNICA DE CATALUNYA,DPTO. CIENCIA DE LOS MATERIALES E INGENIERIA METALURGICA,CATALUÑA,2,149500.0,SI,,,SI,,,,,,,,,,,,,,
PDC2022-133628-C21,MBM,UNIVERSITAT POLITECNICA DE CATALUNYA,DPTO. CIENCIA DE LOS MATERIALES E INGENIERIA METALURGICA,CATALUÑA,2,103500.0,SI,,,SI,,,,,,,,,,,,,,
PDC2022-133395-C41,AYF,UNIVERSITAT POLITECNICA DE CATALUNYA,DPTO. ENGINYERIA AGROALIMENTARIA I BIOTECNOLOGIA,CATALUÑA,2,49450.0,SI,,SI,,,,,,,,,,,,,SI,,
PDC2022-133093-I00,INA,UNIVERSITAT POLITECNICA DE CATALUNYA,"ESCOLA SUPERIOR D¿ENGINYERIES INDUSTRIAL, AEROESPACIAL I AUDIOVISUAL DE TERRASSA (ESEIAAT)",CATALUÑA,2,126500.0,SI,,,,,,,,,SI,,,,,,,,
PDC2022-133514-I00,IBI,UNIVERSITAT POLITECNICA DE CATALUNYA,ESCUELA DE INGENIERÍA DE BARCELONA ESTE (EEBE),CATALUÑA,2,103500.0,SI,,,SI,,,,,,,,,,,,,,
PDC2022-133596-I00,INA,UNIVERSITAT POLITECNICA DE CATALUNYA,ESCUELA DE INGENIERÍA DE BARCELONA ESTE (EEBE),CATALUÑA,2,115000.0,SI,,,,,,,,,SI,,,,,,,,
PDC2022-133249-C31,INF,UNIVERSIDAD DE CASTILLA-LA MANCHA,ESCUELA SUPERIOR DE INFORMATICA,CASTILLA-LA MANCHA,2,72450.0,SI,,,,,,,,,SI,,,,,,,,
PDC2022-133457-I00,INF,UNIVERSIDAD DE CASTILLA-LA MANCHA,ESCUELA SUPERIOR DE INFORMATICA,CASTILLA-LA MANCHA,2,94760.0,SI,,,,,,,,,SI,,,,,,,,
PDC2022-133051-I00,INF,UNIVERSIDAD DE CASTILLA-LA MANCHA,FACULTAD DE CIENCIAS SOCIALES DE TALAVERA DE LA REINA,CASTILLA-LA MANCHA,2,125580.0,SI,,,,,,,,,SI,,,,,,,,
PDC2022-133572-I00,EDU,UNIVERSIDAD DE CASTILLA-LA MANCHA,FACULTAD DE EDUCACIÓN DE ALBACETE,CASTILLA-LA MANCHA,2,22425.0,SI,,,,SI,,,,,,,,,,,,,
PDC2022-133834-C21,CYA,UNIVERSIDAD DE CASTILLA-LA MANCHA,INSTITUTO DE CIENCIAS AMBIENTALES DE CASTILLA-LA MANCHA (ICAM),CASTILLA-LA MANCHA,2,109250.0,SI,,,,,,,,,,,,,SI,,,,
PDC2022-133520-I00,MTM,UNIVERSIDAD DE CASTILLA-LA MANCHA,INSTITUTO DE MATEMÁTICA APLICADA A LA CIENCIA Y LA INGENERÍA,CASTILLA-LA MANCHA,2,126500.0,SI,,,,SI,,,,,,,,,,,,,
