ODS,Universidad,Presencia
ODS1,Universidad de Zaragoza,1
ODS3,Universidad de Zaragoza,1
ODS4,Universidad de Zaragoza,1
ODS5,Universidad de Zaragoza,1
ODS7,Universidad de Zaragoza,1
ODS8,Universidad de Zaragoza,1
ODS10,Universidad de Zaragoza,1
ODS11,Universidad de Zaragoza,1
ODS12,Universidad de Zaragoza,1
ODS13,Universidad de Zaragoza,1
ODS16,Universidad de Zaragoza,1
ODS17,Universidad de Zaragoza,1
ODS1,Universidad de La Laguna,1
ODS3,Universidad de La Laguna,1
ODS4,Universidad de La Laguna,1
ODS5,Universidad de La Laguna,1
ODS8,Universidad de La Laguna,1
ODS10,Universidad de La Laguna,1
ODS11,Universidad de La Laguna,1
ODS12,Universidad de La Laguna,1
ODS15,Universidad de La Laguna,1
ODS16,Universidad de La Laguna,1
ODS17,Universidad de La Laguna,1
ODS1,Universitat Politecnica de Valencia,1
ODS3,Universitat Politecnica de Valencia,1
ODS4,Universitat Politecnica de Valencia,1
ODS5,Universitat Politecnica de Valencia,1
ODS7,Universitat Politecnica de Valencia,1
ODS8,Universitat Politecnica de Valencia,1
ODS10,Universitat Politecnica de Valencia,1
ODS11,Universitat Politecnica de Valencia,1
ODS12,Universitat Politecnica de Valencia,1
ODS16,Universitat Politecnica de Valencia,1
ODS17,Universitat Politecnica de Valencia,1
ODS1,Universidad de Oviedo,1
ODS3,Universidad de Oviedo,1
ODS4,Universidad de Oviedo,1
ODS5,Universidad de Oviedo,1
ODS7,Universidad de Oviedo,1
ODS8,Universidad de Oviedo,1
ODS10,Universidad de Oviedo,1
ODS11,Universidad de Oviedo,1
ODS12,Universidad de Oviedo,1
ODS16,Universidad de Oviedo,1
ODS17,Universidad de Oviedo,1
ODS1,Universitat de Valencia,1
ODS3,Universitat de Valencia,1
ODS4,Universitat de Valencia,1
ODS5,Universitat de Valencia,1
ODS8,Universitat de Valencia,1
ODS10,Universitat de Valencia,1
ODS11,Universitat de Valencia,1
ODS12,Universitat de Valencia,1
ODS16,Universitat de Valencia,1
ODS17,Universitat de Valencia,1
ODS1,Universidad de Barcelona,1
ODS3,Universidad de Barcelona,1
ODS4,Universidad de Barcelona,1
ODS5,Universidad de Barcelona,1
ODS8,Universidad de Barcelona,1
ODS10,Universidad de Barcelona,1
ODS11,Universidad de Barcelona,1
ODS12,Universidad de Barcelona,1
ODS15,Universidad de Barcelona,1
ODS17,Universidad de Barcelona,1
ODS1,Universitat Jaume I de Castellon,1
ODS3,Universitat Jaume I de Castellon,1
ODS4,Universitat Jaume I de Castellon,1
ODS5,Universitat Jaume I de Castellon,1
ODS8,Universitat Jaume I de Castellon,1
ODS10,Universitat Jaume I de Castellon,1
ODS12,Universitat Jaume I de Castellon,1
ODS13,Universitat Jaume I de Castellon,1
ODS16,Universitat Jaume I de Castellon,1
ODS17,Universitat Jaume I de Castellon,1
ODS1,Universidad de Cantabria,1
ODS3,Universidad de Cantabria,1
ODS4,Universidad de Cantabria,1
ODS5,Universidad de Cantabria,1
ODS8,Universidad de Cantabria,1
ODS10,Universidad de Cantabria,1
ODS11,Universidad de Cantabria,1
ODS12,Universidad de Cantabria,1
ODS16,Universidad de Cantabria,1
ODS17,Universidad de Cantabria,1
ODS1,Universidad Miguel Hernandez de Elche,1
ODS3,Universidad Miguel Hernandez de Elche,1
ODS4,Universidad Miguel Hernandez de Elche,1
ODS5,Universidad Miguel Hernandez de Elche,1
ODS8,Universidad Miguel Hernandez de Elche,1
ODS10,Universidad Miguel Hernandez de Elche,1
ODS11,Universidad Miguel Hernandez de Elche,1
ODS12,Universidad Miguel Hernandez de Elche,1
ODS16,Universidad Miguel Hernandez de Elche,1
ODS17,Universidad Miguel Hernandez de Elche,1
ODS1,Universidad de Malaga,1
ODS3,Universidad de Malaga,1
ODS4,Universidad de Malaga,1
ODS5,Universidad de Malaga,1
ODS8,Universidad de Malaga,1
ODS10,Universidad de Malaga,1
ODS11,Universidad de Malaga,1
ODS12,Universidad de Malaga,1
ODS16,Universidad de Malaga,1
ODS17,Universidad de Malaga,1
ODS1,Universidad Politecnica de Madrid,1
ODS3,Universidad Politecnica de Madrid,1
ODS4,Universidad Politecnica de Madrid,1
ODS5,Universidad Politecnica de Madrid,1
ODS8,Universidad Politecnica de Madrid,1
ODS10,Universidad Politecnica de Madrid,1
ODS11,Universidad Politecnica de Madrid,1
ODS12,Universidad Politecnica de Madrid,1
ODS16,Universidad Politecnica de Madrid,1
ODS17,Universidad Politecnica de Madrid,1
ODS1,Universidad de Diseno Innovacion y Tecnologia,1
ODS4,Universidad de Diseno Innovacion y Tecnologia,1
ODS5,Universidad de Diseno Innovacion y Tecnologia,1
ODS7,Universidad de Diseno Innovacion y Tecnologia,1
ODS8,Universidad de Diseno Innovacion y Tecnologia,1
ODS10,Universidad de Diseno Innovacion y Tecnologia,1
ODS11,Universidad de Diseno Innovacion y Tecnologia,1
ODS13,Universidad de Diseno Innovacion y Tecnologia,1
ODS16,Universidad de Diseno Innovacion y Tecnologia,1
ODS17,Universidad de Diseno Innovacion y Tecnologia,1
ODS1,Universidad Tecnologica Atlantico Mediterraneo,1
ODS4,Universidad Tecnologica Atlantico Mediterraneo,1
ODS5,Universidad Tecnologica Atlantico Mediterraneo,1
ODS7,Universidad Tecnologica Atlantico Mediterraneo,1
ODS8,Universidad Tecnologica Atlantico Mediterraneo,1
ODS10,Universidad Tecnologica Atlantico Mediterraneo,1
ODS11,Universidad Tecnologica Atlantico Mediterraneo,1
ODS12,Universidad Tecnologica Atlantico Mediterraneo,1
ODS16,Universidad Tecnologica Atlantico Mediterraneo,1
ODS17,Universidad Tecnologica Atlantico Mediterraneo,1
ODS1,Universidad de Alicante,1
ODS3,Universidad de Alicante,1
ODS4,Universidad de Alicante,1
ODS5,Universidad de Alicante,1
ODS8,Universidad de Alicante,1
ODS10,Universidad de Alicante,1
ODS12,Universidad de Alicante,1
ODS15,Universidad de Alicante,1
ODS16,Universidad de Alicante,1
ODS17,Universidad de Alicante,1
ODS1,Universitat de Barcelona,1
ODS3,Universitat de Barcelona,1
ODS4,Universitat de Barcelona,1
ODS5,Universitat de Barcelona,1
ODS8,Universitat de Barcelona,1
ODS10,Universitat de Barcelona,1
ODS11,Universitat de Barcelona,1
ODS12,Universitat de Barcelona,1
ODS15,Universitat de Barcelona,1
ODS17,Universitat de Barcelona,1
ODS1,Universidad de Valencia,1
ODS3,Universidad de Valencia,1
ODS4,Universidad de Valencia,1
ODS5,Universidad de Valencia,1
ODS8,Universidad de Valencia,1
ODS10,Universidad de Valencia,1
ODS11,Universidad de Valencia,1
ODS12,Universidad de Valencia,1
ODS16,Universidad de Valencia,1
ODS17,Universidad de Valencia,1
ODS1,Universidad de Valladolid,1
ODS3,Universidad de Valladolid,1
ODS4,Universidad de Valladolid,1
ODS5,Universidad de Valladolid,1
ODS8,Universidad de Valladolid,1
ODS10,Universidad de Valladolid,1
ODS11,Universidad de Valladolid,1
ODS16,Universidad de Valladolid,1
ODS17,Universidad de Valladolid,1
ODS1,Universidad de Extremadura,1
ODS3,Universidad de Extremadura,1
ODS4,Universidad de Extremadura,1
ODS5,Universidad de Extremadura,1
ODS8,Universidad de Extremadura,1
ODS10,Universidad de Extremadura,1
ODS11,Universidad de Extremadura,1
ODS16,Universidad de Extremadura,1
ODS17,Universidad de Extremadura,1
ODS1,Universidad Autonoma de Madrid,1
ODS3,Universidad Autonoma de Madrid,1
ODS4,Universidad Autonoma de Madrid,1
ODS5,Universidad Autonoma de Madrid,1
ODS8,Universidad Autonoma de Madrid,1
ODS10,Universidad Autonoma de Madrid,1
ODS12,Universidad Autonoma de Madrid,1
ODS16,Universidad Autonoma de Madrid,1
ODS17,Universidad Autonoma de Madrid,1
ODS1,Universidad Internacional de La Rioja,1
ODS3,Universidad Internacional de La Rioja,1
ODS4,Universidad Internacional de La Rioja,1
ODS5,Universidad Internacional de La Rioja,1
ODS8,Universidad Internacional de La Rioja,1
ODS10,Universidad Internacional de La Rioja,1
ODS12,Universidad Internacional de La Rioja,1
ODS16,Universidad Internacional de La Rioja,1
ODS17,Universidad Internacional de La Rioja,1
ODS1,Universidad Castilla La Mancha,1
ODS3,Universidad Castilla La Mancha,1
ODS4,Universidad Castilla La Mancha,1
ODS5,Universidad Castilla La Mancha,1
ODS8,Universidad Castilla La Mancha,1
ODS10,Universidad Castilla La Mancha,1
ODS11,Universidad Castilla La Mancha,1
ODS16,Universidad Castilla La Mancha,1
ODS17,Universidad Castilla La Mancha,1
ODS1,Universidad de Salamanca,1
ODS3,Universidad de Salamanca,1
ODS4,Universidad de Salamanca,1
ODS5,Universidad de Salamanca,1
ODS8,Universidad de Salamanca,1
ODS10,Universidad de Salamanca,1
ODS12,Universidad de Salamanca,1
ODS16,Universidad de Salamanca,1
ODS17,Universidad de Salamanca,1
ODS1,Universidad de Murcia,1
ODS3,Universidad de Murcia,1
ODS4,Universidad de Murcia,1
ODS5,Universidad de Murcia,1
ODS8,Universidad de Murcia,1
ODS10,Universidad de Murcia,1
ODS13,Universidad de Murcia,1
ODS16,Universidad de Murcia,1
ODS17,Universidad de Murcia,1
ODS1,Universidad CEU Fernando III,1
ODS4,Universidad CEU Fernando III,1
ODS5,Universidad CEU Fernando III,1
ODS8,Universidad CEU Fernando III,1
ODS10,Universidad CEU Fernando III,1
ODS12,Universidad CEU Fernando III,1
ODS15,Universidad CEU Fernando III,1
ODS16,Universidad CEU Fernando III,1
ODS17,Universidad CEU Fernando III,1
ODS1,Universidad del Pais Vasco (UPV/EHU),1
ODS3,Universidad del Pais Vasco (UPV/EHU),1
ODS4,Universidad del Pais Vasco (UPV/EHU),1
ODS8,Universidad del Pais Vasco (UPV/EHU),1
ODS10,Universidad del Pais Vasco (UPV/EHU),1
ODS11,Universidad del Pais Vasco (UPV/EHU),1
ODS12,Universidad del Pais Vasco (UPV/EHU),1
ODS16,Universidad del Pais Vasco (UPV/EHU),1
ODS17,Universidad del Pais Vasco (UPV/EHU),1
ODS1,Universidad Politecnica de Cataluna,1
ODS4,Universidad Politecnica de Cataluna,1
ODS5,Universidad Politecnica de Cataluna,1
ODS8,Universidad Politecnica de Cataluna,1
ODS11,Universidad Politecnica de Cataluna,1
ODS14,Universidad Politecnica de Cataluna,1
ODS15,Universidad Politecnica de Cataluna,1
ODS16,Universidad Politecnica de Cataluna,1
ODS17,Universidad Politecnica de Cataluna,1
ODS1,Universidad Complutense de Madrid,1
ODS3,Universidad Complutense de Madrid,1
ODS4,Universidad Complutense de Madrid,1
ODS5,Universidad Complutense de Madrid,1
ODS8,Universidad Complutense de Madrid,1
ODS10,Universidad Complutense de Madrid,1
ODS16,Universidad Complutense de Madrid,1
ODS17,Universidad Complutense de Madrid,1
ODS1,Universidad de Huelva,1
ODS3,Universidad de Huelva,1
ODS4,Universidad de Huelva,1
ODS5,Universidad de Huelva,1
ODS8,Universidad de Huelva,1
ODS10,Universidad de Huelva,1
ODS16,Universidad de Huelva,1
ODS17,Universidad de Huelva,1
ODS1,Universidad Publica de Navarra,1
ODS3,Universidad Publica de Navarra,1
ODS4,Universidad Publica de Navarra,1
ODS5,Universidad Publica de Navarra,1
ODS8,Universidad Publica de Navarra,1
ODS10,Universidad Publica de Navarra,1
ODS16,Universidad Publica de Navarra,1
ODS17,Universidad Publica de Navarra,1
ODS1,Universidad del Atlantico Medio,1
ODS3,Universidad del Atlantico Medio,1
ODS4,Universidad del Atlantico Medio,1
ODS5,Universidad del Atlantico Medio,1
ODS8,Universidad del Atlantico Medio,1
ODS11,Universidad del Atlantico Medio,1
ODS16,Universidad del Atlantico Medio,1
ODS17,Universidad del Atlantico Medio,1
ODS1,Universidad de Santiago Compostela,1
ODS3,Universidad de Santiago Compostela,1
ODS4,Universidad de Santiago Compostela,1
ODS5,Universidad de Santiago Compostela,1
ODS8,Universidad de Santiago Compostela,1
ODS10,Universidad de Santiago Compostela,1
ODS16,Universidad de Santiago Compostela,1
ODS17,Universidad de Santiago Compostela,1
ODS1,Universidad Politecnica de Cartagena,1
ODS3,Universidad Politecnica de Cartagena,1
ODS4,Universidad Politecnica de Cartagena,1
ODS5,Universidad Politecnica de Cartagena,1
ODS8,Universidad Politecnica de Cartagena,1
ODS10,Universidad Politecnica de Cartagena,1
ODS16,Universidad Politecnica de Cartagena,1
ODS17,Universidad Politecnica de Cartagena,1
ODS1,Universidad de Granada,1
ODS3,Universidad de Granada,1
ODS4,Universidad de Granada,1
ODS5,Universidad de Granada,1
ODS8,Universidad de Granada,1
ODS11,Universidad de Granada,1
ODS16,Universidad de Granada,1
ODS17,Universidad de Granada,1
ODS1,Universidad de Sevilla,1
ODS3,Universidad de Sevilla,1
ODS4,Universidad de Sevilla,1
ODS5,Universidad de Sevilla,1
ODS8,Universidad de Sevilla,1
ODS14,Universidad de Sevilla,1
ODS16,Universidad de Sevilla,1
ODS17,Universidad de Sevilla,1
ODS1,Universidad de Alcala,1
ODS3,Universidad de Alcala,1
ODS4,Universidad de Alcala,1
ODS5,Universidad de Alcala,1
ODS6,Universidad de Alcala,1
ODS8,Universidad de Alcala,1
ODS10,Universidad de Alcala,1
ODS17,Universidad de Alcala,1
ODS1,Universidad de Girona,1
ODS3,Universidad de Girona,1
ODS4,Universidad de Girona,1
ODS5,Universidad de Girona,1
ODS8,Universidad de Girona,1
ODS10,Universidad de Girona,1
ODS16,Universidad de Girona,1
ODS17,Universidad de Girona,1
ODS1,Universidad de Jaen,1
ODS3,Universidad de Jaen,1
ODS4,Universidad de Jaen,1
ODS5,Universidad de Jaen,1
ODS8,Universidad de Jaen,1
ODS10,Universidad de Jaen,1
ODS16,Universidad de Jaen,1
ODS17,Universidad de Jaen,1
ODS1,Universidad de La Rioja,1
ODS3,Universidad de La Rioja,1
ODS4,Universidad de La Rioja,1
ODS5,Universidad de La Rioja,1
ODS8,Universidad de La Rioja,1
ODS10,Universidad de La Rioja,1
ODS16,Universidad de La Rioja,1
ODS17,Universidad de La Rioja,1
ODS1,Universidad Internacional de la Empresa,1
ODS3,Universidad Internacional de la Empresa,1
ODS4,Universidad Internacional de la Empresa,1
ODS5,Universidad Internacional de la Empresa,1
ODS8,Universidad Internacional de la Empresa,1
ODS10,Universidad Internacional de la Empresa,1
ODS11,Universidad Internacional de la Empresa,1
ODS16,Universidad Internacional de la Empresa,1
ODS1,ESIC Universidad,1
ODS3,ESIC Universidad,1
ODS4,ESIC Universidad,1
ODS5,ESIC Universidad,1
ODS8,ESIC Universidad,1
ODS10,ESIC Universidad,1
ODS11,ESIC Universidad,1
ODS16,ESIC Universidad,1
ODS1,Universidad Europea Miguel de Cervantes,1
ODS3,Universidad Europea Miguel de Cervantes,1
ODS4,Universidad Europea Miguel de Cervantes,1
ODS5,Universidad Europea Miguel de Cervantes,1
ODS8,Universidad Europea Miguel de Cervantes,1
ODS9,Universidad Europea Miguel de Cervantes,1
ODS14,Universidad Europea Miguel de Cervantes,1
ODS16,Universidad Europea Miguel de Cervantes,1
ODS1,Universidad de las Islas Baleares,1
ODS3,Universidad de las Islas Baleares,1
ODS4,Universidad de las Islas Baleares,1
ODS5,Universidad de las Islas Baleares,1
ODS8,Universidad de las Islas Baleares,1
ODS10,Universidad de las Islas Baleares,1
ODS15,Universidad de las Islas Baleares,1
ODS16,Universidad de las Islas Baleares,1
ODS1,Universidad Fernando Pessoa Canarias (UFPC),1
ODS3,Universidad Fernando Pessoa Canarias (UFPC),1
ODS4,Universidad Fernando Pessoa Canarias (UFPC),1
ODS5,Universidad Fernando Pessoa Canarias (UFPC),1
ODS8,Universidad Fernando Pessoa Canarias (UFPC),1
ODS10,Universidad Fernando Pessoa Canarias (UFPC),1
ODS11,Universidad Fernando Pessoa Canarias (UFPC),1
ODS16,Universidad Fernando Pessoa Canarias (UFPC),1
ODS1,CUNEF Universidad,1
ODS3,CUNEF Universidad,1
ODS4,CUNEF Universidad,1
ODS5,CUNEF Universidad,1
ODS8,CUNEF Universidad,1
ODS10,CUNEF Universidad,1
ODS15,CUNEF Universidad,1
ODS16,CUNEF Universidad,1
ODS1,Universidad Santa Teresa de Jesus de Avila,1
ODS3,Universidad Santa Teresa de Jesus de Avila,1
ODS4,Universidad Santa Teresa de Jesus de Avila,1
ODS5,Universidad Santa Teresa de Jesus de Avila,1
ODS8,Universidad Santa Teresa de Jesus de Avila,1
ODS9,Universidad Santa Teresa de Jesus de Avila,1
ODS11,Universidad Santa Teresa de Jesus de Avila,1
ODS16,Universidad Santa Teresa de Jesus de Avila,1
ODS1,Universidad de Cordoba,1
ODS3,Universidad de Cordoba,1
ODS4,Universidad de Cordoba,1
ODS5,Universidad de Cordoba,1
ODS8,Universidad de Cordoba,1
ODS10,Universidad de Cordoba,1
ODS14,Universidad de Cordoba,1
ODS16,Universidad de Cordoba,1
ODS1,Universidad de Las Hesperides,1
ODS4,Universidad de Las Hesperides,1
ODS5,Universidad de Las Hesperides,1
ODS8,Universidad de Las Hesperides,1
ODS10,Universidad de Las Hesperides,1
ODS11,Universidad de Las Hesperides,1
ODS15,Universidad de Las Hesperides,1
ODS16,Universidad de Las Hesperides,1
ODS1,Universitat Rovira i Virgili,1
ODS3,Universitat Rovira i Virgili,1
ODS4,Universitat Rovira i Virgili,1
ODS5,Universitat Rovira i Virgili,1
ODS8,Universitat Rovira i Virgili,1
ODS10,Universitat Rovira i Virgili,1
ODS16,Universitat Rovira i Virgili,1
ODS17,Universitat Rovira i Virgili,1
ODS1,Universitat Abat Oliba CEU,1
ODS4,Universitat Abat Oliba CEU,1
ODS5,Universitat Abat Oliba CEU,1
ODS8,Universitat Abat Oliba CEU,1
ODS10,Universitat Abat Oliba CEU,1
ODS12,Universitat Abat Oliba CEU,1
ODS15,Universitat Abat Oliba CEU,1
ODS17,Universitat Abat Oliba CEU,1
ODS1,Universidad de Vigo,1
ODS3,Universidad de Vigo,1
ODS4,Universidad de Vigo,1
ODS8,Universidad de Vigo,1
ODS11,Universidad de Vigo,1
ODS12,Universidad de Vigo,1
ODS16,Universidad de Vigo,1
ODS1,Universidad Pontificia Comillas,1
ODS3,Universidad Pontificia Comillas,1
ODS4,Universidad Pontificia Comillas,1
ODS5,Universidad Pontificia Comillas,1
ODS8,Universidad Pontificia Comillas,1
ODS10,Universidad Pontificia Comillas,1
ODS16,Universidad Pontificia Comillas,1
ODS1,Universidad de Burgos,1
ODS3,Universidad de Burgos,1
ODS4,Universidad de Burgos,1
ODS8,Universidad de Burgos,1
ODS10,Universidad de Burgos,1
ODS14,Universidad de Burgos,1
ODS16,Universidad de Burgos,1
ODS1,UDIMA,1
ODS4,UDIMA,1
ODS5,UDIMA,1
ODS8,UDIMA,1
ODS9,UDIMA,1
ODS10,UDIMA,1
ODS11,UDIMA,1
ODS1,Universidad de Vic,1
ODS3,Universidad de Vic,1
ODS4,Universidad de Vic,1
ODS8,Universidad de Vic,1
ODS10,Universidad de Vic,1
ODS14,Universidad de Vic,1
ODS16,Universidad de Vic,1
ODS1,Universidad Loyola de Andalucia,1
ODS4,Universidad Loyola de Andalucia,1
ODS8,Universidad Loyola de Andalucia,1
ODS9,Universidad Loyola de Andalucia,1
ODS11,Universidad Loyola de Andalucia,1
ODS15,Universidad Loyola de Andalucia,1
ODS16,Universidad Loyola de Andalucia,1
ODS1,Universidad Olavide,1
ODS4,Universidad Olavide,1
ODS8,Universidad Olavide,1
ODS9,Universidad Olavide,1
ODS11,Universidad Olavide,1
ODS15,Universidad Olavide,1
ODS17,Universidad Olavide,1
ODS1,Universidad de Lleida,1
ODS3,Universidad de Lleida,1
ODS8,Universidad de Lleida,1
ODS11,Universidad de Lleida,1
ODS12,Universidad de Lleida,1
ODS14,Universidad de Lleida,1
ODS1,Universidad Europea de Canarias,1
ODS4,Universidad Europea de Canarias,1
ODS8,Universidad Europea de Canarias,1
ODS11,Universidad Europea de Canarias,1
ODS15,Universidad Europea de Canarias,1
ODS16,Universidad Europea de Canarias,1
ODS1,Universidad Ramon Llull,1
ODS4,Universidad Ramon Llull,1
ODS8,Universidad Ramon Llull,1
ODS10,Universidad Ramon Llull,1
ODS14,Universidad Ramon Llull,1
ODS15,Universidad Ramon Llull,1
ODS1,Universidad San Pablo-CEU,1
ODS4,Universidad San Pablo-CEU,1
ODS8,Universidad San Pablo-CEU,1
ODS9,Universidad San Pablo-CEU,1
ODS11,Universidad San Pablo-CEU,1
ODS15,Universidad San Pablo-CEU,1
ODS1,Universidad de Deusto,1
ODS4,Universidad de Deusto,1
ODS8,Universidad de Deusto,1
ODS9,Universidad de Deusto,1
ODS10,Universidad de Deusto,1
ODS12,Universidad de Deusto,1
ODS1,Universidad Alfonso X el Sabio,1
ODS4,Universidad Alfonso X el Sabio,1
ODS8,Universidad Alfonso X el Sabio,1
ODS9,Universidad Alfonso X el Sabio,1
ODS14,Universidad Alfonso X el Sabio,1
ODS15,Universidad Alfonso X el Sabio,1
ODS1,Universidad Antonio de Nebrija,1
ODS4,Universidad Antonio de Nebrija,1
ODS8,Universidad Antonio de Nebrija,1
ODS9,Universidad Antonio de Nebrija,1
ODS14,Universidad Antonio de Nebrija,1
ODS15,Universidad Antonio de Nebrija,1
ODS1,Universidad Camilo Jose Cela,1
ODS4,Universidad Camilo Jose Cela,1
ODS8,Universidad Camilo Jose Cela,1
ODS10,Universidad Camilo Jose Cela,1
ODS11,Universidad Camilo Jose Cela,1
ODS14,Universidad Camilo Jose Cela,1
ODS1,Universidad Catolica de San Antonio de Murcia,1
ODS4,Universidad Catolica de San Antonio de Murcia,1
ODS8,Universidad Catolica de San Antonio de Murcia,1
ODS10,Universidad Catolica de San Antonio de Murcia,1
ODS11,Universidad Catolica de San Antonio de Murcia,1
ODS14,Universidad Catolica de San Antonio de Murcia,1
ODS1,Universidad Internacional de Andalucia,1
ODS4,Universidad Internacional de Andalucia,1
ODS8,Universidad Internacional de Andalucia,1
ODS9,Universidad Internacional de Andalucia,1
ODS10,Universidad Internacional de Andalucia,1
ODS11,Universidad Internacional de Andalucia,1
ODS1,Universidad Internacional de Cataluna,1
ODS4,Universidad Internacional de Cataluna,1
ODS8,Universidad Internacional de Cataluna,1
ODS9,Universidad Internacional de Cataluna,1
ODS10,Universidad Internacional de Cataluna,1
ODS11,Universidad Internacional de Cataluna,1
ODS1,Universidad de Deusto (repes),1
ODS4,Universidad de Deusto (repes),1
ODS8,Universidad de Deusto (repes),1
ODS9,Universidad de Deusto (repes),1
ODS10,Universidad de Deusto (repes),1
ODS12,Universidad de Deusto (repes),1
ODS1,Universidad de A Coruna,1
ODS4,Universidad de A Coruna,1
ODS8,Universidad de A Coruna,1
ODS10,Universidad de A Coruna,1
ODS15,Universidad de A Coruna,1
ODS1,Universidad de Leon,1
ODS4,Universidad de Leon,1
ODS8,Universidad de Leon,1
ODS10,Universidad de Leon,1
ODS11,Universidad de Leon,1
ODS1,Universidad de Vitoria,1
ODS4,Universidad de Vitoria,1
ODS8,Universidad de Vitoria,1
ODS9,Universidad de Vitoria,1
ODS10,Universidad de Vitoria,1
ODS4,Universidad Europea de Madrid,1
ODS8,Universidad Europea de Madrid,1
ODS9,Universidad Europea de Madrid,1
ODS10,Universidad Europea de Madrid,1
ODS11,Universidad Europea de Madrid,1
ODS4,Universidad Cardenal Herrera,1
ODS8,Universidad Cardenal Herrera,1
ODS9,Universidad Cardenal Herrera,1
ODS10,Universidad Cardenal Herrera,1
ODS11,Universidad Cardenal Herrera,1
ODS4,Universidad Internacional de Valencia (VIU),1
ODS8,Universidad Internacional de Valencia (VIU),1
ODS10,Universidad Internacional de Valencia (VIU),1
ODS11,Universidad Internacional de Valencia (VIU),1
ODS4,IE Universidad,1
ODS5,IE Universidad,1
ODS8,IE Universidad,1
ODS9,IE Universidad,1
ODS4,Universidad Internacional de Valencia (VIU)*,1
ODS8,Universidad Internacional de Valencia (VIU)*,1
ODS10,Universidad Internacional de Valencia (VIU)*,1
ODS11,Universidad Internacional de Valencia (VIU)*,1
ODS4,Universitat Oberta de Catalunya,1
ODS8,Universitat Oberta de Catalunya,1
ODS10,Universitat Oberta de Catalunya,1
ODS16,Universitat Oberta de Catalunya,1
ODS4,Universidad Catolica de Valencia San Vicente Martir,1
ODS8,Universidad Catolica de Valencia San Vicente Martir,1
ODS10,Universidad Catolica de Valencia San Vicente Martir,1
ODS17,Universidad Catolica de Valencia San Vicente Martir,1
ODS16,Universidad de Navarra,1
ODS1,Universidad Euneiz,1
ODS4,Universidad Euneiz,1
ODS1,Universidad Pontificia de Salamanca,1
ODS4,Universidad Pontificia de Salamanca,1
ODS5,UNED,1
ODS9,UNED,1
ODS5,Universidad Internacional Menendez Pelayo,1
ODS9,Universidad Internacional Menendez Pelayo,1
ODS8,Universidad Las Palmas de Gran Canaria (ULPGC),1
ODS9,Universidad de Navarra,1
